-- phpMyAdmin SQL Dump
-- version 4.8.3
-- https://www.phpmyadmin.net/
--
-- Host: 127.0.0.1:3306
-- Generation Time: Dec 02, 2018 at 07:15 PM
-- Server version: 5.7.23
-- PHP Version: 7.2.10

SET SQL_MODE = "NO_AUTO_VALUE_ON_ZERO";
SET AUTOCOMMIT = 0;
START TRANSACTION;
SET time_zone = "+00:00";


/*!40101 SET @OLD_CHARACTER_SET_CLIENT=@@CHARACTER_SET_CLIENT */;
/*!40101 SET @OLD_CHARACTER_SET_RESULTS=@@CHARACTER_SET_RESULTS */;
/*!40101 SET @OLD_COLLATION_CONNECTION=@@COLLATION_CONNECTION */;
/*!40101 SET NAMES utf8mb4 */;

--
-- Database: `kavine`
--

-- --------------------------------------------------------

--
-- Table structure for table `caffeetype`
--

DROP TABLE IF EXISTS `caffeetype`;
CREATE TABLE IF NOT EXISTS `caffeetype` (
  `id` int(11) NOT NULL AUTO_INCREMENT,
  `type_name` varchar(255) NOT NULL,
  PRIMARY KEY (`id`),
  UNIQUE KEY `name` (`type_name`)
) ENGINE=InnoDB AUTO_INCREMENT=8 DEFAULT CHARSET=utf8;

--
-- Dumping data for table `caffeetype`
--

INSERT INTO `caffeetype` (`id`, `type_name`) VALUES
(5, 'Å alta'),
(6, 'cold'),
(7, 'ddhg'),
(3, 'Espresso'),
(4, 'Late');

-- --------------------------------------------------------

--
-- Table structure for table `cofe`
--

DROP TABLE IF EXISTS `cofe`;
CREATE TABLE IF NOT EXISTS `cofe` (
  `id` int(11) NOT NULL AUTO_INCREMENT,
  `name` varchar(255) NOT NULL,
  `address` varchar(255) NOT NULL,
  `phonenumber` varchar(255) NOT NULL,
  PRIMARY KEY (`id`),
  UNIQUE KEY `name` (`name`)
) ENGINE=InnoDB AUTO_INCREMENT=20 DEFAULT CHARSET=utf8;

--
-- Dumping data for table `cofe`
--

INSERT INTO `cofe` (`id`, `name`, `address`, `phonenumber`) VALUES
(18, 'Kavos architektai', 'H. Manto g. 9', ''),
(19, 'Caffeine LT', 'Å½vejÅ³ g. 1', '(8-699) 77541');

-- --------------------------------------------------------

--
-- Table structure for table `customers`
--

DROP TABLE IF EXISTS `customers`;
CREATE TABLE IF NOT EXISTS `customers` (
  `id` int(11) NOT NULL AUTO_INCREMENT,
  `unicid` varchar(255) NOT NULL,
  `come_time` varchar(255) NOT NULL,
  `leave_time` varchar(255) NOT NULL,
  PRIMARY KEY (`id`)
) ENGINE=InnoDB AUTO_INCREMENT=1206 DEFAULT CHARSET=utf8;

--
-- Dumping data for table `customers`
--

INSERT INTO `customers` (`id`, `unicid`, `come_time`, `leave_time`) VALUES
(606, 'HgKWgpR', '1262053229', '1262054463'),
(607, 'ZtTmPqD', '1262053620', '1262054854'),
(608, 'NYJsXJz', '1262055273', '1262056507'),
(609, 'VmwiSCs', '1262051973', '1262053207'),
(610, 'SlFZoPa', '1262053105', '1262054339'),
(611, 'ZxoFcxs', '1262053762', '1262054996'),
(612, 'NPqxMKh', '1262055607', '1262056841'),
(613, 'inFKJuR', '1262053829', '1262055063'),
(614, 'qmpvSAl', '1262053382', '1262054616'),
(615, 'fnjsvYk', '1262053375', '1262054609'),
(616, 'fBAYUYG', '1262054856', '1262056090'),
(617, 'KasBFom', '1262053945', '1262055179'),
(618, 'OBZcQoE', '1262051511', '1262052745'),
(619, 'hVjUanZ', '1262051296', '1262052530'),
(620, 'GEAqTII', '1262050986', '1262052220'),
(621, 'wFvttXn', '1262053739', '1262054973'),
(622, 'EBKuFtp', '1262055326', '1262056560'),
(623, 'diYoPkE', '1262052271', '1262053505'),
(624, 'YtgGFzf', '1262053668', '1262054902'),
(625, 'FKoxauY', '1262054103', '1262055337'),
(626, 'DPlgSAn', '1262052543', '1262053777'),
(627, 'msntTpQ', '1262053294', '1262054528'),
(628, 'ugMnfcl', '1262054363', '1262055597'),
(629, 'UVrgibt', '1262055299', '1262056533'),
(630, 'LJGmbft', '1262053689', '1262054923'),
(631, 'QyEVcJK', '1262054563', '1262055797'),
(632, 'zOsaRFe', '1262051961', '1262053195'),
(633, 'gZogTfE', '1262053997', '1262055231'),
(634, 'cZeGmhn', '1262054562', '1262055796'),
(635, 'QOMthSX', '1262054123', '1262055357'),
(636, 'hNtiezV', '1262051490', '1262052724'),
(637, 'kDfGodP', '1262053591', '1262054825'),
(638, 'FQVSiSO', '1262053384', '1262054618'),
(639, 'XkOVHcT', '1262055057', '1262056291'),
(640, 'QxvpXQb', '1262052485', '1262053719'),
(641, 'OAItIOl', '1262053006', '1262054240'),
(642, 'uXyLHTb', '1262051083', '1262052317'),
(643, 'vfmtXPZ', '1262051059', '1262052293'),
(644, 'DMRXVrB', '1262051477', '1262052711'),
(645, 'LsHsHmW', '1262051033', '1262052267'),
(646, 'onoBIBz', '1262054706', '1262055940'),
(647, 'zZCfqjO', '1262052489', '1262053723'),
(648, 'CMLHBUd', '1262051231', '1262052465'),
(649, 'iOQYuAY', '1262052449', '1262053683'),
(650, 'GAVnSTn', '1262054235', '1262055469'),
(651, 'QSRJUFO', '1262053145', '1262054379'),
(652, 'SBtwrYb', '1262052626', '1262053860'),
(653, 'FOTABow', '1262052604', '1262053838'),
(654, 'QHlUMFn', '1262052709', '1262053943'),
(655, 'KQUlgsC', '1262055192', '1262056426'),
(656, 'KhZQMcw', '1262055351', '1262056585'),
(657, 'MLiiHJy', '1262054130', '1262055364'),
(658, 'rNIZvNw', '1262051920', '1262053154'),
(659, 'EGAXrcp', '1262051385', '1262052619'),
(660, 'NAKKPam', '1262053409', '1262054643'),
(661, 'zZGMnnJ', '1262054233', '1262055467'),
(662, 'yIUgLLj', '1262055408', '1262056642'),
(663, 'IqGxDGy', '1262052080', '1262053314'),
(664, 'VFzjVkB', '1262051089', '1262052323'),
(665, 'HMBXhpn', '1262052443', '1262053677'),
(666, 'YEAODzi', '1262051804', '1262053038'),
(667, 'NPtiGex', '1262052892', '1262054126'),
(668, 'idRHExs', '1262051651', '1262052885'),
(669, 'aUrzlCI', '1262052284', '1262053518'),
(670, 'jRIinFf', '1262052087', '1262053321'),
(671, 'wkXEgyQ', '1262052654', '1262053888'),
(672, 'bKYbwIS', '1262053449', '1262054683'),
(673, 'RMBEXjg', '1262054066', '1262055300'),
(674, 'dlAvmFt', '1262052944', '1262054178'),
(675, 'bHDtiSL', '1262053660', '1262054894'),
(676, 'hFLEFUK', '1262053447', '1262054681'),
(677, 'rXunZrz', '1262052114', '1262053348'),
(678, 'cgirAKU', '1262053421', '1262054655'),
(679, 'IrwGvbr', '1262050776', '1262052010'),
(680, 'QjYlniB', '1262055207', '1262056441'),
(681, 'tSsIblB', '1262053919', '1262055153'),
(682, 'VRffvwl', '1262053219', '1262054453'),
(683, 'dbYwBeO', '1262055498', '1262056732'),
(684, 'jYzIrpq', '1262055104', '1262056338'),
(685, 'MfosZDs', '1262055558', '1262056792'),
(686, 'EcJJFcM', '1262052597', '1262053831'),
(687, 'CsjBKZe', '1262055314', '1262056548'),
(688, 'xvqgiOV', '1262053411', '1262054645'),
(689, 'qKjKQYS', '1262054545', '1262055779'),
(690, 'CghFVRP', '1262055592', '1262056826'),
(691, 'fXdyGKZ', '1262052118', '1262053352'),
(692, 'uumTzTw', '1262054904', '1262056138'),
(693, 'SDDuWeW', '1262053986', '1262055220'),
(694, 'UYFhjRV', '1262051258', '1262052492'),
(695, 'OLbheAh', '1262051038', '1262052272'),
(696, 'FUtdRNm', '1262050747', '1262051981'),
(697, 'eGGenle', '1262054467', '1262055701'),
(698, 'RhGIlPu', '1262050941', '1262052175'),
(699, 'MtjpwMs', '1262053369', '1262054603'),
(700, 'NTHbxTK', '1262053489', '1262054723'),
(701, 'RTfLNJR', '1262052883', '1262054117'),
(702, 'uRsVWNd', '1262054377', '1262055611'),
(703, 'FMQZKjY', '1262052956', '1262054190'),
(704, 'QIyUgMd', '1262055307', '1262056541'),
(705, 'wCnxrOX', '1262054721', '1262055955'),
(706, 'GROOcYo', '1262051584', '1262052818'),
(707, 'SWBMViO', '1262053006', '1262054240'),
(708, 'FrXsMsW', '1262052851', '1262054085'),
(709, 'QtlEKUK', '1262052423', '1262053657'),
(710, 'QWocMLw', '1262052201', '1262053435'),
(711, 'TPyBFfL', '1262052984', '1262054218'),
(712, 'bTqsvjO', '1262052003', '1262053237'),
(713, 'qNhFMMa', '1262054531', '1262055765'),
(714, 'AGjjgKN', '1262054108', '1262055342'),
(715, 'xTJgAMQ', '1262053385', '1262054619'),
(716, 'VjHzSqf', '1262050756', '1262051990'),
(717, 'yNIProF', '1262052247', '1262053481'),
(718, 'jhwMAbU', '1262051828', '1262053062'),
(719, 'EhSdfLo', '1262052195', '1262053429'),
(720, 'sRScIpx', '1262054581', '1262055815'),
(721, 'nKPmxHR', '1262053950', '1262055184'),
(722, 'irQcRBK', '1262052625', '1262053859'),
(723, 'VWTiVXs', '1262054097', '1262055331'),
(724, 'AVvuMEj', '1262055419', '1262056653'),
(725, 'uFgWEpL', '1262052550', '1262053784'),
(726, 'qxuWVvb', '1262052420', '1262053654'),
(727, 'KIXGXxN', '1262053910', '1262055144'),
(728, 'qWQZKBS', '1262054606', '1262055840'),
(729, 'ODiwdxA', '1262053979', '1262055213'),
(730, 'yacTGXj', '1262052804', '1262054038'),
(731, 'EOENPLp', '1262052423', '1262053657'),
(732, 'TTtNhvI', '1262051384', '1262052618'),
(733, 'MlGToyU', '1262055458', '1262056692'),
(734, 'EHwdBeq', '1262055416', '1262056650'),
(735, 'NtxwbQe', '1262050856', '1262052090'),
(736, 'bwfGFda', '1262053247', '1262054481'),
(737, 'aaVRMsN', '1262055590', '1262056824'),
(738, 'tAXQGyt', '1262053974', '1262055208'),
(739, 'QRTtXBr', '1262054227', '1262055461'),
(740, 'VMeBxVA', '1262052374', '1262053608'),
(741, 'PAVAsmt', '1262054267', '1262055501'),
(742, 'oaDWHYB', '1262053546', '1262054780'),
(743, 'UADzSPH', '1262053724', '1262054958'),
(744, 'NBdymbZ', '1262054692', '1262055926'),
(745, 'VUCncUM', '1262053588', '1262054822'),
(746, 'auMJrHM', '1262051247', '1262052481'),
(747, 'icpSkgY', '1262055473', '1262056707'),
(748, 'NYFFGNp', '1262054730', '1262055964'),
(749, 'WXUepmr', '1262053208', '1262054442'),
(750, 'JxuVKKG', '1262051171', '1262052405'),
(751, 'ipIoOMf', '1262054753', '1262055987'),
(752, 'WbCwlJB', '1262051943', '1262053177'),
(753, 'BKeBCRR', '1262051541', '1262052775'),
(754, 'evxGoTA', '1262053819', '1262055053'),
(755, 'EnqBoEj', '1262052062', '1262053296'),
(756, 'fNlPpHQ', '1262054122', '1262055356'),
(757, 'mvjaxLG', '1262054746', '1262055980'),
(758, 'jtZlULG', '1262054861', '1262056095'),
(759, 'XGdwfZG', '1262052947', '1262054181'),
(760, 'ZLAnrFS', '1262053260', '1262054494'),
(761, 'KsTpLGF', '1262054817', '1262056051'),
(762, 'RNwBlFB', '1262054353', '1262055587'),
(763, 'YgmlAlP', '1262052306', '1262053540'),
(764, 'khXbPwy', '1262052147', '1262053381'),
(765, 'ZXjQbUC', '1262054758', '1262055992'),
(766, 'AZCUgaw', '1262054421', '1262055655'),
(767, 'pQAnMfa', '1262051092', '1262052326'),
(768, 'FjzJMMz', '1262053487', '1262054721'),
(769, 'htWqstc', '1262053294', '1262054528'),
(770, 'VrYwgzs', '1262054373', '1262055607'),
(771, 'AQTKHDX', '1262054689', '1262055923'),
(772, 'epAtYwK', '1262052674', '1262053908'),
(773, 'mUVEYKa', '1262050894', '1262052128'),
(774, 'OBQMEBK', '1262052369', '1262053603'),
(775, 'bEebUPx', '1262051015', '1262052249'),
(776, 'xtXswrM', '1262051262', '1262052496'),
(777, 'gcSliSU', '1262055478', '1262056712'),
(778, 'Bqwcrxd', '1262054388', '1262055622'),
(779, 'klNjHrZ', '1262051780', '1262053014'),
(780, 'quUpZJX', '1262051921', '1262053155'),
(781, 'hiBsChM', '1262050785', '1262052019'),
(782, 'rDAMTfX', '1262053635', '1262054869'),
(783, 'purdSIo', '1262054980', '1262056214'),
(784, 'ydrFguw', '1262055468', '1262056702'),
(785, 'RWCOzvL', '1262051904', '1262053138'),
(786, 'gwywhCT', '1262051297', '1262052531'),
(787, 'AClmEwx', '1262052288', '1262053522'),
(788, 'qoHflGv', '1262054881', '1262056115'),
(789, 'mByvXtG', '1262054174', '1262055408'),
(790, 'dDzcXnY', '1262054809', '1262056043'),
(791, 'WcApFFY', '1262053750', '1262054984'),
(792, 'yFIMuxH', '1262052860', '1262054094'),
(793, 'tPubfXl', '1262053230', '1262054464'),
(794, 'lHJlUOm', '1262054283', '1262055517'),
(795, 'FFicyuO', '1262051233', '1262052467'),
(796, 'HXWpbCi', '1262054392', '1262055626'),
(797, 'XdtXkkm', '1262053000', '1262054234'),
(798, 'oIQGqDW', '1262051110', '1262052344'),
(799, 'lTkTOmE', '1262050778', '1262052012'),
(800, 'FAzmMGp', '1262052769', '1262054003'),
(801, 'FEgyrQf', '1262051995', '1262053229'),
(802, 'rCRtawc', '1262053342', '1262054576'),
(803, 'fVqVMwA', '1262050717', '1262051951'),
(804, 'XdOevHN', '1262052804', '1262054038'),
(805, 'JZFnHrg', '1262051508', '1262052742'),
(806, 'CNJWmnt', '1262050909', '1262052143'),
(807, 'ENExdSi', '1262053698', '1262054932'),
(808, 'WDseULF', '1262053225', '1262054459'),
(809, 'sfrQPWi', '1262051412', '1262052646'),
(810, 'yoRvVbR', '1262053252', '1262054486'),
(811, 'JiAbNeU', '1262053501', '1262054735'),
(812, 'XeYikrO', '1262053552', '1262054786'),
(813, 'vOhNEwq', '1262052180', '1262053414'),
(814, 'YNpaBdD', '1262055080', '1262056314'),
(815, 'SAAYXXd', '1262054257', '1262055491'),
(816, 'yTAUlSE', '1262053567', '1262054801'),
(817, 'BQmKYDZ', '1262052108', '1262053342'),
(818, 'HtaPicI', '1262054829', '1262056063'),
(819, 'OPGNbct', '1262054655', '1262055889'),
(820, 'tQNwIzZ', '1262052259', '1262053493'),
(821, 'iSKvYhc', '1262052576', '1262053810'),
(822, 'gaFbnIQ', '1262054804', '1262056038'),
(823, 'VeZaAZG', '1262053374', '1262054608'),
(824, 'ANcwRgs', '1262051123', '1262052357'),
(825, 'etkDiEQ', '1262053245', '1262054479'),
(826, 'bpELlcT', '1262053740', '1262054974'),
(827, 'qmljFSE', '1262052249', '1262053483'),
(828, 'siOUoXu', '1262052912', '1262054146'),
(829, 'ofGaNNL', '1262051573', '1262052807'),
(830, 'RkXARAN', '1262055142', '1262056376'),
(831, 'BEBlWLk', '1262051756', '1262052990'),
(832, 'VWfgxcj', '1262054846', '1262056080'),
(833, 'PkiovAh', '1262055058', '1262056292'),
(834, 'JboFbiX', '1262055332', '1262056566'),
(835, 'BocxiBK', '1262051189', '1262052423'),
(836, 'SLmdgch', '1262052053', '1262053287'),
(837, 'EslPNaZ', '1262054588', '1262055822'),
(838, 'TxNNIMH', '1262053386', '1262054620'),
(839, 'weCTXSf', '1262055500', '1262056734'),
(840, 'kMHPslV', '1262055349', '1262056583'),
(841, 'JbIOuZc', '1262055156', '1262056390'),
(842, 'mFVzpae', '1262051385', '1262052619'),
(843, 'AdJeeBy', '1262053262', '1262054496'),
(844, 'lxNOqSi', '1262055657', '1262056891'),
(845, 'YJQJrNc', '1262052691', '1262053925'),
(846, 'HJTJzxS', '1262055216', '1262056450'),
(847, 'FXffbQp', '1262054243', '1262055477'),
(848, 'iOpqTHU', '1262052797', '1262054031'),
(849, 'PFdQamQ', '1262053219', '1262054453'),
(850, 'EkkaaQm', '1262053247', '1262054481'),
(851, 'AvqTKZX', '1262051138', '1262052372'),
(852, 'ZDAIyWj', '1262052982', '1262054216'),
(853, 'FftXUqq', '1262051560', '1262052794'),
(854, 'yIoPldr', '1262055080', '1262056314'),
(855, 'JecGZQI', '1262052959', '1262054193'),
(856, 'mxRETTa', '1262055405', '1262056639'),
(857, 'yoywZrI', '1262055171', '1262056405'),
(858, 'iCWLXQF', '1262055664', '1262056898'),
(859, 'gGecqIJ', '1262052655', '1262053889'),
(860, 'PzBfhQU', '1262053614', '1262054848'),
(861, 'busAduP', '1262053327', '1262054561'),
(862, 'vtUdmlO', '1262055321', '1262056555'),
(863, 'iReRVPx', '1262051816', '1262053050'),
(864, 'lSyhNhn', '1262054126', '1262055360'),
(865, 'vzzAYoF', '1262052071', '1262053305'),
(866, 'hHyKFnc', '1262053218', '1262054452'),
(867, 'JZRUBiH', '1262055590', '1262056824'),
(868, 'cXMzoNO', '1262051224', '1262052458'),
(869, 'pmQOiKM', '1262051650', '1262052884'),
(870, 'RxBBzcS', '1262054006', '1262055240'),
(871, 'YpzjMGw', '1262050798', '1262052032'),
(872, 'MlAWCWc', '1262055214', '1262056448'),
(873, 'WGnIloE', '1262051706', '1262052940'),
(874, 'uJBrqqw', '1262052504', '1262053738'),
(875, 'HXtDKpr', '1262053650', '1262054884'),
(876, 'VeYBigo', '1262051508', '1262052742'),
(877, 'WMREpKb', '1262055185', '1262056419'),
(878, 'RBJGZBR', '1262052307', '1262053541'),
(879, 'vhkSmYX', '1262053233', '1262054467'),
(880, 'hBxWdPv', '1262051399', '1262052633'),
(881, 'MCulomw', '1262052500', '1262053734'),
(882, 'dzPsOTH', '1262051723', '1262052957'),
(883, 'dONrPQQ', '1262051779', '1262053013'),
(884, 'PjwpUUL', '1262052118', '1262053352'),
(885, 'fapylTS', '1262055082', '1262056316'),
(886, 'HrFZobo', '1262055546', '1262056780'),
(887, 'JIfnfrj', '1262052903', '1262054137'),
(888, 'yFTlQeC', '1262053580', '1262054814'),
(889, 'FTMRkdo', '1262050948', '1262052182'),
(890, 'pisCUwA', '1262050956', '1262052190'),
(891, 'XnUzYba', '1262050809', '1262052043'),
(892, 'athFePi', '1262053610', '1262054844'),
(893, 'gatHzQr', '1262054060', '1262055294'),
(894, 'LqPLaIB', '1262053109', '1262054343'),
(895, 'kQsbDyS', '1262052590', '1262053824'),
(896, 'MFgKBhy', '1262055563', '1262056797'),
(897, 'ABtTOFe', '1262052478', '1262053712'),
(898, 'HTZrrSr', '1262055680', '1262056914'),
(899, 'YyoBGpS', '1262051883', '1262053117'),
(900, 'KnTUDDV', '1262051869', '1262053103'),
(901, 'txCNLEg', '1262052034', '1262053268'),
(902, 'cZXjvxu', '1262051552', '1262052786'),
(903, 'oOQEboG', '1262055101', '1262056335'),
(904, 'KdcvezK', '1262055194', '1262056428'),
(905, 'KVryUMP', '1262051810', '1262053044'),
(906, 'dUQfzDN', '1262051442', '1262052676'),
(907, 'CCiycUa', '1262051209', '1262052443'),
(908, 'aEhUBvc', '1262053404', '1262054638'),
(909, 'jgQOYBR', '1262053276', '1262054510'),
(910, 'IvikIiT', '1262054027', '1262055261'),
(911, 'ioRTBoO', '1262055533', '1262056767'),
(912, 'LkxYetR', '1262051573', '1262052807'),
(913, 'YmCxFtp', '1262051833', '1262053067'),
(914, 'XVSHZBl', '1262051475', '1262052709'),
(915, 'CLxIndw', '1262055056', '1262056290'),
(916, 'JDfIQXd', '1262053572', '1262054806'),
(917, 'SRwQsYV', '1262055564', '1262056798'),
(918, 'cNXvxWI', '1262051782', '1262053016'),
(919, 'gEJRZqD', '1262053614', '1262054848'),
(920, 'iAGozLT', '1262054724', '1262055958'),
(921, 'lWBJzwl', '1262055088', '1262056322'),
(922, 'ydyUWGb', '1262052990', '1262054224'),
(923, 'vmJGQdh', '1262053649', '1262054883'),
(924, 'ApeZlhb', '1262053513', '1262054747'),
(925, 'wUdEPkz', '1262053331', '1262054565'),
(926, 'eBUhzrl', '1262054976', '1262056210'),
(927, 'ewYYLje', '1262053016', '1262054250'),
(928, 'uoyFPGI', '1262053734', '1262054968'),
(929, 'rxhgVfp', '1262050998', '1262052232'),
(930, 'LwWFSFk', '1262055170', '1262056404'),
(931, 'OLatKBS', '1262053747', '1262054981'),
(932, 'jpbvCIN', '1262054531', '1262055765'),
(933, 'hkkKcgJ', '1262052376', '1262053610'),
(934, 'fHvpoDR', '1262053672', '1262054906'),
(935, 'WhGQzaG', '1262055502', '1262056736'),
(936, 'hiadoRt', '1262051086', '1262052320'),
(937, 'NPrzTKj', '1262054800', '1262056034'),
(938, 'AAlMalf', '1262054806', '1262056040'),
(939, 'oAHDnLK', '1262051887', '1262053121'),
(940, 'ikVQonA', '1262053876', '1262055110'),
(941, 'kDEcUBK', '1262053534', '1262054768'),
(942, 'fKRfCfA', '1262055389', '1262056623'),
(943, 'elMFGSh', '1262052556', '1262053790'),
(944, 'upNGJWh', '1262053588', '1262054822'),
(945, 'btTQwBi', '1262055447', '1262056681'),
(946, 'zqgbFyp', '1262054935', '1262056169'),
(947, 'DPeCXaX', '1262054610', '1262055844'),
(948, 'jaZEXSp', '1262052363', '1262053597'),
(949, 'wFFEmWY', '1262050704', '1262051938'),
(950, 'XwViNIX', '1262054747', '1262055981'),
(951, 'isibxkI', '1262053225', '1262054459'),
(952, 'iokTZWU', '1262054061', '1262055295'),
(953, 'YsAfvbz', '1262054199', '1262055433'),
(954, 'uEQRqSc', '1262052987', '1262054221'),
(955, 'OEguiHq', '1262050904', '1262052138'),
(956, 'puXMUqN', '1262051564', '1262052798'),
(957, 'LLWCefV', '1262054979', '1262056213'),
(958, 'lvOpTXY', '1262055621', '1262056855'),
(959, 'DsNqRIu', '1262055090', '1262056324'),
(960, 'AJsOIdV', '1262051629', '1262052863'),
(961, 'WKEeloX', '1262052895', '1262054129'),
(962, 'KDafMaZ', '1262053866', '1262055100'),
(963, 'tQhaExv', '1262053604', '1262054838'),
(964, 'UBjORoN', '1262054179', '1262055413'),
(965, 'uFOMgSk', '1262052592', '1262053826'),
(966, 'zmDfxdB', '1262054106', '1262055340'),
(967, 'OqUtYrr', '1262055505', '1262056739'),
(968, 'BMppvFM', '1262053350', '1262054584'),
(969, 'SWtoTjQ', '1262051490', '1262052724'),
(970, 'ULAziLV', '1262054880', '1262056114'),
(971, 'hmKHYyC', '1262052230', '1262053464'),
(972, 'PYDJKLN', '1262055360', '1262056594'),
(973, 'OYAXidG', '1262052473', '1262053707'),
(974, 'xwKMGvL', '1262052365', '1262053599'),
(975, 'Spmskxk', '1262055538', '1262056772'),
(976, 'ulXroFK', '1262052601', '1262053835'),
(977, 'TnwJURa', '1262051268', '1262052502'),
(978, 'xSBwEiB', '1262055096', '1262056330'),
(979, 'VgdrlaM', '1262051692', '1262052926'),
(980, 'jlgjhxn', '1262051742', '1262052976'),
(981, 'MzclzXo', '1262052292', '1262053526'),
(982, 'aGMtEkw', '1262053150', '1262054384'),
(983, 'xXaAAoK', '1262051388', '1262052622'),
(984, 'mdJsIOB', '1262053475', '1262054709'),
(985, 'EJTYxsc', '1262053972', '1262055206'),
(986, 'MZyOFAo', '1262052721', '1262053955'),
(987, 'RTdiMVh', '1262054280', '1262055514'),
(988, 'SqVNylu', '1262052123', '1262053357'),
(989, 'kuhSlee', '1262052338', '1262053572'),
(990, 'GUSkWai', '1262054901', '1262056135'),
(991, 'juOFHuQ', '1262051955', '1262053189'),
(992, 'bXkYQZf', '1262053733', '1262054967'),
(993, 'SQiAGMI', '1262052005', '1262053239'),
(994, 'kwEFBET', '1262052679', '1262053913'),
(995, 'MluTTdv', '1262053834', '1262055068'),
(996, 'ocGEAkn', '1262053951', '1262055185'),
(997, 'qhkBWRY', '1262052673', '1262053907'),
(998, 'PCgTEKR', '1262051135', '1262052369'),
(999, 'rKyZQzf', '1262051286', '1262052520'),
(1000, 'VoTqLzd', '1262051930', '1262053164'),
(1001, 'jlvqvco', '1262052518', '1262053752'),
(1002, 'MEoUCyK', '1262053229', '1262054463'),
(1003, 'ZkjoEbO', '1262055158', '1262056392'),
(1004, 'wJnnnil', '1262051486', '1262052720'),
(1005, 'NmsAyoc', '1262052297', '1262053531'),
(1006, 'YLvHpOp', '1262050800', '1262052034'),
(1007, 'uWdyZxL', '1262054936', '1262056170'),
(1008, 'wRNFxSw', '1262053105', '1262054339'),
(1009, 'EwkTefD', '1262054019', '1262055253'),
(1010, 'iIGfXDi', '1262052884', '1262054118'),
(1011, 'RriwybT', '1262054869', '1262056103'),
(1012, 'laOiVGy', '1262055229', '1262056463'),
(1013, 'oTMEGwH', '1262051374', '1262052608'),
(1014, 'FZvwTZY', '1262055580', '1262056814'),
(1015, 'ILvIhDT', '1262052699', '1262053933'),
(1016, 'qDLyEja', '1262055577', '1262056811'),
(1017, 'hkCaPud', '1262051701', '1262052935'),
(1018, 'zvrbsdc', '1262054881', '1262056115'),
(1019, 'BWeKakh', '1262054229', '1262055463'),
(1020, 'mVaBOXm', '1262055669', '1262056903'),
(1021, 'uvqQaby', '1262053382', '1262054616'),
(1022, 'IMobeko', '1262051791', '1262053025'),
(1023, 'JzJylcL', '1262053156', '1262054390'),
(1024, 'JeMyIJd', '1262051907', '1262053141'),
(1025, 'CKDJuuY', '1262052729', '1262053963'),
(1026, 'AtzcIhy', '1262055668', '1262056902'),
(1027, 'FfdYDKZ', '1262052568', '1262053802'),
(1028, 'zNxapts', '1262055401', '1262056635'),
(1029, 'ZXnvZKj', '1262052782', '1262054016'),
(1030, 'KdPeRHF', '1262051988', '1262053222'),
(1031, 'MREfDuH', '1262055434', '1262056668'),
(1032, 'TjuSbzQ', '1262053857', '1262055091'),
(1033, 'thySMeD', '1262053203', '1262054437'),
(1034, 'TWCIkid', '1262054392', '1262055626'),
(1035, 'nuUtANp', '1262052218', '1262053452'),
(1036, 'zWDfXGx', '1262052699', '1262053933'),
(1037, 'HOxtmNW', '1262053682', '1262054916'),
(1038, 'OyoaPRH', '1262052787', '1262054021'),
(1039, 'oCJeSXi', '1262051433', '1262052667'),
(1040, 'XaWBevs', '1262052125', '1262053359'),
(1041, 'CiAneyl', '1262052318', '1262053552'),
(1042, 'FZhljFM', '1262055140', '1262056374'),
(1043, 'VZnkAIl', '1262053461', '1262054695'),
(1044, 'FShmdFY', '1262053430', '1262054664'),
(1045, 'oxYYeld', '1262050869', '1262052103'),
(1046, 'CsIHlFR', '1262054385', '1262055619'),
(1047, 'DXUFXPf', '1262052470', '1262053704'),
(1048, 'oitxttQ', '1262052893', '1262054127'),
(1049, 'VghlTIy', '1262053331', '1262054565'),
(1050, 'ZuwHbIQ', '1262053534', '1262054768'),
(1051, 'ZqTrIZO', '1262052661', '1262053895'),
(1052, 'KeOlnku', '1262053216', '1262054450'),
(1053, 'YODYBkB', '1262054519', '1262055753'),
(1054, 'ervBkgO', '1262051836', '1262053070'),
(1055, 'MLAQgCT', '1262055648', '1262056882'),
(1056, 'rkWQeKf', '1262052899', '1262054133'),
(1057, 'HIMSQxZ', '1262051122', '1262052356'),
(1058, 'HYWrJZG', '1262051629', '1262052863'),
(1059, 'FNgehst', '1262054545', '1262055779'),
(1060, 'cKVxhyg', '1262053673', '1262054907'),
(1061, 'QUqAdKQ', '1262052997', '1262054231'),
(1062, 'WNNdWQH', '1262051229', '1262052463'),
(1063, 'QjaQSDG', '1262054404', '1262055638'),
(1064, 'KcOIKwV', '1262052199', '1262053433'),
(1065, 'JBHNgGx', '1262055627', '1262056861'),
(1066, 'gMQEyFg', '1262052613', '1262053847'),
(1067, 'OwLaDXT', '1262054787', '1262056021'),
(1068, 'oUCUjMJ', '1262051812', '1262053046'),
(1069, 'lTFQRvF', '1262052587', '1262053821'),
(1070, 'IDplAUi', '1262054367', '1262055601'),
(1071, 'rpCiHim', '1262051531', '1262052765'),
(1072, 'aMcZByk', '1262054144', '1262055378'),
(1073, 'ToIsPsD', '1262054250', '1262055484'),
(1074, 'BqsLEpr', '1262052011', '1262053245'),
(1075, 'nqjtMVu', '1262052568', '1262053802'),
(1076, 'bkEPQnP', '1262051703', '1262052937'),
(1077, 'iDgVsef', '1262054940', '1262056174'),
(1078, 'KefdSDF', '1262051234', '1262052468'),
(1079, 'KmxVmsC', '1262055157', '1262056391'),
(1080, 'baYDLQd', '1262055041', '1262056275'),
(1081, 'lDltqEc', '1262051518', '1262052752'),
(1082, 'qAgpUbk', '1262054817', '1262056051'),
(1083, 'rmeHvXJ', '1262051301', '1262052535'),
(1084, 'ThiOnzi', '1262055568', '1262056802'),
(1085, 'cfunyTO', '1262054558', '1262055792'),
(1086, 'tBmmdmb', '1262052636', '1262053870'),
(1087, 'zOLtwCC', '1262053234', '1262054468'),
(1088, 'gPFDFRZ', '1262051429', '1262052663'),
(1089, 'ZSldDTI', '1262051218', '1262052452'),
(1090, 'bnRqrfK', '1262055609', '1262056843'),
(1091, 'RyyGHDK', '1262052436', '1262053670'),
(1092, 'hKmQPVY', '1262050810', '1262052044'),
(1093, 'NvrRCbF', '1262054045', '1262055279'),
(1094, 'mywpXmM', '1262052031', '1262053265'),
(1095, 'jhDBFsZ', '1262051462', '1262052696'),
(1096, 'AxPBmcI', '1262053343', '1262054577'),
(1097, 'RlqExGX', '1262055109', '1262056343'),
(1098, 'yTxVAnM', '1262055161', '1262056395'),
(1099, 'kLvRXod', '1262055260', '1262056494'),
(1100, 'Mhfvhws', '1262053242', '1262054476'),
(1101, 'bKCKxhe', '1262055596', '1262056830'),
(1102, 'xWzIoMU', '1262052487', '1262053721'),
(1103, 'lHNUiNp', '1262052471', '1262053705'),
(1104, 'WpPOARd', '1262051085', '1262052319'),
(1105, 'IdXcvAC', '1262054529', '1262055763'),
(1106, 'sxywYEJ', '1262054361', '1262055595'),
(1107, 'xZMqlnO', '1262054510', '1262055744'),
(1108, 'kEopBah', '1262054072', '1262055306'),
(1109, 'ECZEVXF', '1262055147', '1262056381'),
(1110, 'eKUTcGq', '1262054248', '1262055482'),
(1111, 'XvDJzHl', '1262055093', '1262056327'),
(1112, 'zwfYAHz', '1262054656', '1262055890'),
(1113, 'XDsbjZI', '1262055499', '1262056733'),
(1114, 'zGsprBA', '1262054667', '1262055901'),
(1115, 'QRglLnD', '1262051630', '1262052864'),
(1116, 'fLZhBFs', '1262053832', '1262055066'),
(1117, 'YQXpLmf', '1262051291', '1262052525'),
(1118, 'cjLQKbf', '1262051177', '1262052411'),
(1119, 'qoZUrkl', '1262052193', '1262053427'),
(1120, 'ZLndDhj', '1262053015', '1262054249'),
(1121, 'CHszZIg', '1262052109', '1262053343'),
(1122, 'MxRYvtz', '1262053835', '1262055069'),
(1123, 'PfyNFKa', '1262053249', '1262054483'),
(1124, 'Mkeaekj', '1262051355', '1262052589'),
(1125, 'quEQCDD', '1262053560', '1262054794'),
(1126, 'cruOfPK', '1262050874', '1262052108'),
(1127, 'dKrDEqZ', '1262053763', '1262054997'),
(1128, 'kHZntHZ', '1262053257', '1262054491'),
(1129, 'aMadQto', '1262050725', '1262051959'),
(1130, 'bmIsDbh', '1262055455', '1262056689'),
(1131, 'UqFkwoA', '1262053009', '1262054243'),
(1132, 'rbVAUyK', '1262055232', '1262056466'),
(1133, 'OSCufCl', '1262054424', '1262055658'),
(1134, 'JINuMtU', '1262053578', '1262054812'),
(1135, 'pQJfKJQ', '1262054867', '1262056101'),
(1136, 'gjCVwyT', '1262055395', '1262056629'),
(1137, 'iJsYKmz', '1262051621', '1262052855'),
(1138, 'GwBBIWH', '1262051830', '1262053064'),
(1139, 'pBxztjT', '1262054643', '1262055877'),
(1140, 'SdXISxx', '1262050959', '1262052193'),
(1141, 'xheAIft', '1262053068', '1262054302'),
(1142, 'nUbhjGp', '1262051636', '1262052870'),
(1143, 'YiqSEOQ', '1262053728', '1262054962'),
(1144, 'EtnPHNz', '1262055399', '1262056633'),
(1145, 'jfdOHDg', '1262051651', '1262052885'),
(1146, 'MQHwJxk', '1262050721', '1262051955'),
(1147, 'QWWNkFS', '1262051134', '1262052368'),
(1148, 'PczOSVZ', '1262053935', '1262055169'),
(1149, 'OxbOcAr', '1262051077', '1262052311'),
(1150, 'deVlkSi', '1262052625', '1262053859'),
(1151, 'fuAjxNz', '1262053624', '1262054858'),
(1152, 'WyiLulG', '1262051885', '1262053119'),
(1153, 'FNqOium', '1262050945', '1262052179'),
(1154, 'TPSSZiU', '1262050812', '1262052046'),
(1155, 'MxVODfN', '1262053166', '1262054400'),
(1156, 'jouSpHb', '1262054947', '1262056181'),
(1157, 'tlooPPU', '1262051987', '1262053221'),
(1158, 'NotyzwJ', '1262054400', '1262055634'),
(1159, 'TzACSNJ', '1262054713', '1262055947'),
(1160, 'BWLoXvz', '1262055101', '1262056335'),
(1161, 'zuPIdgC', '1262054950', '1262056184'),
(1162, 'HRBYARv', '1262050765', '1262051999'),
(1163, 'xVQmdEH', '1262052149', '1262053383'),
(1164, 'DJLzWBS', '1262052660', '1262053894'),
(1165, 'yWgpylD', '1262051269', '1262052503'),
(1166, 'APXKVrQ', '1262053992', '1262055226'),
(1167, 'SvWTkAH', '1262053832', '1262055066'),
(1168, 'QbXOEKZ', '1262053914', '1262055148'),
(1169, 'OWyDtxX', '1262051865', '1262053099'),
(1170, 'yJropLF', '1262051129', '1262052363'),
(1171, 'ryIyESl', '1262053904', '1262055138'),
(1172, 'itcfoxH', '1262051065', '1262052299'),
(1173, 'aJregvs', '1262053788', '1262055022'),
(1174, 'gDuHjUj', '1262053363', '1262054597'),
(1175, 'wwaUCSL', '1262055453', '1262056687'),
(1176, 'GabecfE', '1262051343', '1262052577'),
(1177, 'joCBKjy', '1262052859', '1262054093'),
(1178, 'VrlczMN', '1262051454', '1262052688'),
(1179, 'VzQTqdC', '1262051325', '1262052559'),
(1180, 'NwJgfUh', '1262052575', '1262053809'),
(1181, 'FYpXKue', '1262055666', '1262056900'),
(1182, 'IguKhBL', '1262050865', '1262052099'),
(1183, 'MDvPjwL', '1262054051', '1262055285'),
(1184, 'ceEWpAv', '1262055249', '1262056483'),
(1185, 'zHmOjBt', '1262052425', '1262053659'),
(1186, 'ZVDroxd', '1262053107', '1262054341'),
(1187, 'KgEIJvP', '1262055209', '1262056443'),
(1188, 'pjOaqhL', '1262054708', '1262055942'),
(1189, 'xsBrkOU', '1262051190', '1262052424'),
(1190, 'MtOugXE', '1262053993', '1262055227'),
(1191, 'JyJbHTI', '1262052284', '1262053518'),
(1192, 'lSNvsZS', '1262055373', '1262056607'),
(1193, 'xAkpztL', '1262053071', '1262054305'),
(1194, 'xLzYazt', '1262052780', '1262054014'),
(1195, 'EZCyLdS', '1262055031', '1262056265'),
(1196, 'TyvMqKN', '1262055101', '1262056335'),
(1197, 'lrnwxEb', '1262051014', '1262052248'),
(1198, 'xuyMRym', '1262052001', '1262053235'),
(1199, 'sfNxJfe', '1262053745', '1262054979'),
(1200, 'qyusyjC', '1262055497', '1262056731'),
(1201, 'xnQXEhw', '1262051116', '1262052350'),
(1202, 'VFJlDNd', '1262052102', '1262053336'),
(1203, 'czEMpRY', '1262051283', '1262052517'),
(1204, 'UbwSVbB', '1262053971', '1262055205'),
(1205, 'iWXZvnz', '1262055079', '1262056313');

-- --------------------------------------------------------

--
-- Table structure for table `customers_come`
--

DROP TABLE IF EXISTS `customers_come`;
CREATE TABLE IF NOT EXISTS `customers_come` (
  `cofeid` int(11) NOT NULL,
  `customersid` int(11) NOT NULL,
  KEY `customers_come_ibfk_1` (`cofeid`),
  KEY `customers_come_ibfk_2` (`customersid`)
) ENGINE=InnoDB DEFAULT CHARSET=utf8;

--
-- Dumping data for table `customers_come`
--

INSERT INTO `customers_come` (`cofeid`, `customersid`) VALUES
(18, 706),
(18, 707),
(18, 708),
(18, 709),
(18, 710),
(18, 711),
(18, 712),
(18, 713),
(18, 714),
(18, 715),
(18, 716),
(18, 717),
(18, 718),
(18, 719),
(18, 720),
(18, 721),
(18, 722),
(18, 723),
(18, 724),
(18, 725),
(18, 726),
(18, 727),
(18, 728),
(18, 729),
(18, 730),
(18, 731),
(18, 732),
(18, 733),
(18, 734),
(18, 735),
(18, 736),
(18, 737),
(18, 738),
(18, 739),
(18, 740),
(18, 741),
(18, 742),
(18, 743),
(18, 744),
(18, 745),
(18, 746),
(18, 747),
(18, 748),
(18, 749),
(18, 750),
(18, 751),
(18, 752),
(18, 753),
(18, 754),
(18, 755),
(18, 756),
(18, 757),
(18, 758),
(18, 759),
(18, 760),
(18, 761),
(18, 762),
(18, 763),
(18, 764),
(18, 765),
(18, 766),
(18, 767),
(18, 768),
(18, 769),
(18, 770),
(18, 771),
(18, 772),
(18, 773),
(18, 774),
(18, 775),
(18, 776),
(18, 777),
(18, 778),
(18, 779),
(18, 780),
(18, 781),
(18, 782),
(18, 783),
(18, 784),
(18, 785),
(18, 786),
(18, 787),
(18, 788),
(18, 789),
(18, 790),
(18, 791),
(18, 792),
(18, 793),
(18, 794),
(18, 795),
(18, 796),
(18, 797),
(18, 798),
(18, 799),
(18, 800),
(18, 801),
(18, 802),
(18, 803),
(18, 804),
(18, 805),
(18, 806),
(18, 807),
(18, 808),
(18, 809),
(18, 810),
(18, 811),
(18, 812),
(18, 813),
(18, 814),
(18, 815),
(18, 816),
(18, 817),
(18, 818),
(18, 819),
(18, 820),
(18, 821),
(18, 822),
(18, 823),
(18, 824),
(18, 825),
(18, 826),
(18, 827),
(18, 828),
(18, 829),
(18, 830),
(18, 831),
(18, 832),
(18, 833),
(18, 834),
(18, 835),
(18, 836),
(18, 837),
(18, 838),
(18, 839),
(18, 840),
(18, 841),
(18, 842),
(18, 843),
(18, 844),
(18, 845),
(18, 846),
(18, 847),
(18, 848),
(18, 849),
(18, 850),
(18, 851),
(18, 852),
(18, 853),
(18, 854),
(18, 855),
(18, 856),
(18, 857),
(18, 858),
(18, 859),
(18, 860),
(18, 861),
(18, 862),
(18, 863),
(18, 864),
(18, 865),
(18, 866),
(18, 867),
(18, 868),
(18, 869),
(18, 870),
(18, 871),
(18, 872),
(18, 873),
(18, 874),
(18, 875),
(18, 876),
(18, 877),
(18, 878),
(18, 879),
(18, 880),
(18, 881),
(18, 882),
(18, 883),
(18, 884),
(18, 885),
(18, 886),
(18, 887),
(18, 888),
(18, 889),
(18, 890),
(18, 891),
(18, 892),
(18, 893),
(18, 894),
(18, 895),
(18, 896),
(18, 897),
(18, 898),
(18, 899),
(18, 900),
(18, 901),
(18, 902),
(18, 903),
(18, 904),
(18, 905),
(19, 906),
(19, 907),
(19, 908),
(19, 909),
(19, 910),
(19, 911),
(19, 912),
(19, 913),
(19, 914),
(19, 915),
(19, 916),
(19, 917),
(19, 918),
(19, 919),
(19, 920),
(19, 921),
(19, 922),
(19, 923),
(19, 924),
(19, 925),
(19, 926),
(19, 927),
(19, 928),
(19, 929),
(19, 930),
(19, 931),
(19, 932),
(19, 933),
(19, 934),
(19, 935),
(19, 936),
(19, 937),
(19, 938),
(19, 939),
(19, 940),
(19, 941),
(19, 942),
(19, 943),
(19, 944),
(19, 945),
(19, 946),
(19, 947),
(19, 948),
(19, 949),
(19, 950),
(19, 951),
(19, 952),
(19, 953),
(19, 954),
(19, 955),
(19, 956),
(19, 957),
(19, 958),
(19, 959),
(19, 960),
(19, 961),
(19, 962),
(19, 963),
(19, 964),
(19, 965),
(19, 966),
(19, 967),
(19, 968),
(19, 969),
(19, 970),
(19, 971),
(19, 972),
(19, 973),
(19, 974),
(19, 975),
(19, 976),
(19, 977),
(19, 978),
(19, 979),
(19, 980),
(19, 981),
(19, 982),
(19, 983),
(19, 984),
(19, 985),
(19, 986),
(19, 987),
(19, 988),
(19, 989),
(19, 990),
(19, 991),
(19, 992),
(19, 993),
(19, 994),
(19, 995),
(19, 996),
(19, 997),
(19, 998),
(19, 999),
(19, 1000),
(19, 1001),
(19, 1002),
(19, 1003),
(19, 1004),
(19, 1005),
(19, 1006),
(19, 1007),
(19, 1008),
(19, 1009),
(19, 1010),
(19, 1011),
(19, 1012),
(19, 1013),
(19, 1014),
(19, 1015),
(19, 1016),
(19, 1017),
(19, 1018),
(19, 1019),
(19, 1020),
(19, 1021),
(19, 1022),
(19, 1023),
(19, 1024),
(19, 1025),
(19, 1026),
(19, 1027),
(19, 1028),
(19, 1029),
(19, 1030),
(19, 1031),
(19, 1032),
(19, 1033),
(19, 1034),
(19, 1035),
(19, 1036),
(19, 1037),
(19, 1038),
(19, 1039),
(19, 1040),
(19, 1041),
(19, 1042),
(19, 1043),
(19, 1044),
(19, 1045),
(19, 1046),
(19, 1047),
(19, 1048),
(19, 1049),
(19, 1050),
(19, 1051),
(19, 1052),
(19, 1053),
(19, 1054),
(19, 1055),
(19, 1056),
(19, 1057),
(19, 1058),
(19, 1059),
(19, 1060),
(19, 1061),
(19, 1062),
(19, 1063),
(19, 1064),
(19, 1065),
(19, 1066),
(19, 1067),
(19, 1068),
(19, 1069),
(19, 1070),
(19, 1071),
(19, 1072),
(19, 1073),
(19, 1074),
(19, 1075),
(19, 1076),
(19, 1077),
(19, 1078),
(19, 1079),
(19, 1080),
(19, 1081),
(19, 1082),
(19, 1083),
(19, 1084),
(19, 1085),
(19, 1086),
(19, 1087),
(19, 1088),
(19, 1089),
(19, 1090),
(19, 1091),
(19, 1092),
(19, 1093),
(19, 1094),
(19, 1095),
(19, 1096),
(19, 1097),
(19, 1098),
(19, 1099),
(19, 1100),
(19, 1101),
(19, 1102),
(19, 1103),
(19, 1104),
(19, 1105),
(19, 1106),
(19, 1107),
(19, 1108),
(19, 1109),
(19, 1110),
(19, 1111),
(19, 1112),
(19, 1113),
(19, 1114),
(19, 1115),
(19, 1116),
(19, 1117),
(19, 1118),
(19, 1119),
(19, 1120),
(19, 1121),
(19, 1122),
(19, 1123),
(19, 1124),
(19, 1125),
(19, 1126),
(19, 1127),
(19, 1128),
(19, 1129),
(19, 1130),
(19, 1131),
(19, 1132),
(19, 1133),
(19, 1134),
(19, 1135),
(19, 1136),
(19, 1137),
(19, 1138),
(19, 1139),
(19, 1140),
(19, 1141),
(19, 1142),
(19, 1143),
(19, 1144),
(19, 1145),
(19, 1146),
(19, 1147),
(19, 1148),
(19, 1149),
(19, 1150),
(19, 1151),
(19, 1152),
(19, 1153),
(19, 1154),
(19, 1155),
(19, 1156),
(19, 1157),
(19, 1158),
(19, 1159),
(19, 1160),
(19, 1161),
(19, 1162),
(19, 1163),
(19, 1164),
(19, 1165),
(19, 1166),
(19, 1167),
(19, 1168),
(19, 1169),
(19, 1170),
(19, 1171),
(19, 1172),
(19, 1173),
(19, 1174),
(19, 1175),
(19, 1176),
(19, 1177),
(19, 1178),
(19, 1179),
(19, 1180),
(19, 1181),
(19, 1182),
(19, 1183),
(19, 1184),
(19, 1185),
(19, 1186),
(19, 1187),
(19, 1188),
(19, 1189),
(19, 1190),
(19, 1191),
(19, 1192),
(19, 1193),
(19, 1194),
(19, 1195),
(19, 1196),
(19, 1197),
(19, 1198),
(19, 1199),
(19, 1200),
(19, 1201),
(19, 1202),
(19, 1203),
(19, 1204),
(19, 1205);

-- --------------------------------------------------------

--
-- Table structure for table `jointypes`
--

DROP TABLE IF EXISTS `jointypes`;
CREATE TABLE IF NOT EXISTS `jointypes` (
  `cofeid` int(11) NOT NULL,
  `typeid` int(11) NOT NULL,
  `caffetypeid` int(11) NOT NULL,
  KEY `cofeid` (`cofeid`),
  KEY `typeid` (`typeid`),
  KEY `jointypes_ibfk_4` (`caffetypeid`)
) ENGINE=InnoDB DEFAULT CHARSET=utf8;

--
-- Dumping data for table `jointypes`
--

INSERT INTO `jointypes` (`cofeid`, `typeid`, `caffetypeid`) VALUES
(18, 23, 7);

-- --------------------------------------------------------

--
-- Table structure for table `type`
--

DROP TABLE IF EXISTS `type`;
CREATE TABLE IF NOT EXISTS `type` (
  `id` int(11) NOT NULL AUTO_INCREMENT,
  `name` varchar(255) NOT NULL,
  `beens` varchar(255) NOT NULL,
  `price` float NOT NULL,
  PRIMARY KEY (`id`)
) ENGINE=InnoDB AUTO_INCREMENT=24 DEFAULT CHARSET=utf8;

--
-- Dumping data for table `type`
--

INSERT INTO `type` (`id`, `name`, `beens`, `price`) VALUES
(17, 'kebabas', 'kava', 2.99),
(19, 'Super espresso', 'Canavalia', 2.11),
(20, 'Zalioji arbata', 'lapeliai', 2.56),
(23, 'dfhgdfhg', 'hfjghj', 99);

-- --------------------------------------------------------

--
-- Table structure for table `users`
--

DROP TABLE IF EXISTS `users`;
CREATE TABLE IF NOT EXISTS `users` (
  `id` int(11) NOT NULL AUTO_INCREMENT,
  `username` varchar(50) NOT NULL,
  `password` varchar(255) NOT NULL,
  `unicid` varchar(255) NOT NULL,
  `permision` int(11) NOT NULL,
  PRIMARY KEY (`id`),
  UNIQUE KEY `username` (`username`),
  UNIQUE KEY `user_key` (`unicid`)
) ENGINE=InnoDB AUTO_INCREMENT=9 DEFAULT CHARSET=utf8;

--
-- Dumping data for table `users`
--

INSERT INTO `users` (`id`, `username`, `password`, `unicid`, `permision`) VALUES
(7, 'admin', '$2y$10$oeKm7Xl1UWuxooNowPrjJerrFgT34skCVzaEcnBf93tUE6J/kMYm2', 'vu5ojWDGud', 1),
(8, 'vartotojas', '$2y$10$GL9CBwLt65aOYPXR3JUh0OHERqmIZi7MyWg6VtcZUtaPt9FayeHJa', '81Q5aVV5I9', 2);

--
-- Constraints for dumped tables
--

--
-- Constraints for table `customers_come`
--
ALTER TABLE `customers_come`
  ADD CONSTRAINT `customers_come_ibfk_1` FOREIGN KEY (`cofeid`) REFERENCES `cofe` (`id`) ON DELETE CASCADE ON UPDATE CASCADE,
  ADD CONSTRAINT `customers_come_ibfk_2` FOREIGN KEY (`customersid`) REFERENCES `customers` (`id`) ON DELETE CASCADE ON UPDATE CASCADE;

--
-- Constraints for table `jointypes`
--
ALTER TABLE `jointypes`
  ADD CONSTRAINT `jointypes_ibfk_1` FOREIGN KEY (`cofeid`) REFERENCES `cofe` (`id`) ON DELETE CASCADE ON UPDATE CASCADE,
  ADD CONSTRAINT `jointypes_ibfk_3` FOREIGN KEY (`typeid`) REFERENCES `type` (`id`) ON DELETE CASCADE ON UPDATE CASCADE,
  ADD CONSTRAINT `jointypes_ibfk_4` FOREIGN KEY (`caffetypeid`) REFERENCES `caffeetype` (`id`) ON DELETE CASCADE ON UPDATE CASCADE;
COMMIT;

/*!40101 SET CHARACTER_SET_CLIENT=@OLD_CHARACTER_SET_CLIENT */;
/*!40101 SET CHARACTER_SET_RESULTS=@OLD_CHARACTER_SET_RESULTS */;
/*!40101 SET COLLATION_CONNECTION=@OLD_COLLATION_CONNECTION */;
